{
    "file": "site\/templates\/views\/post_view.php",
    "textdomain": "site--templates--views--post_view-php",
    "translations": {
        "42eaa3e3388b963976f99f5d18e37837": {
            "text": "Imagen de %s"
        },
        "7a1a5f3e79fdc91edf2f5ead9d66abb4": {
            "text": "Leer"
        },
        "319cf17b95b30222314383bb72d608c2": {
            "text": "Compartir este posteo"
        },
        "724fb20c30dd8b6ea37f31bf4485f21f": {
            "text": "Subscribirse a"
        },
        "b26917587d98330d93f87808fc9d7267": {
            "text": "Subscribirse"
        }
    }
}